{"xgboost_performance": 0.33336697872769944, "xgboost_aggressive": 0.3333165106361503, "xgboost_balanced": 0.3333165106361503}